text,label,notes
"LeBron's playoff TS% drops 4 points against top-5 defenses this season — that's why defenses key him in pick-and-rolls.",analysis,
"The Rockets' rotational depth explains their late-season collapse: their 2nd-unit defensive rating is 15 points worse than their starters' minutes.",analysis,
"Using on-off data, the team's net rating when Player A sits drops by 8 points — their rotations are the real issue.",analysis,
"Shot selection problems are obvious: they settle for midrange jumpers after the 8th possession on the shot clock.",analysis,
"Their rim protection metric is down because their center's defensive RPM has fallen by 2.5 compared to last year.",analysis,
"Turnover rate spikes in the 4th quarter correspond to their bench handling minutes — depth and ball security are linked.",analysis,
"Coach X's late-game playcalling favors isolation over ball movement; their clutch offensive rating supports that criticism.",analysis,
"The advanced metrics show their 3PA has increased while their true shooting percentage fell — they're volume-shooting inefficiently.",analysis,
"Point differential on the road has collapsed since injury to starter Y, indicating dependence on that player's defense.",analysis,
"Their offensive rebounding percentage is high but a lot are uncontested putbacks, which masks transition defense problems.",analysis,
"He averaged 6 assists in the last ten games, and his assist-to-turnover ratio improved after the trade. That's meaningful.",analysis,
"When comparing two-point attempts in the paint, Team A attacks less than last year — they've lost interior aggression.",analysis,
"The opponent's three-point percentage against them is top-5, highlighting weak closeouts by their wing defenders.",analysis,
"Foul rate per 36 minutes for their backup is off the charts; coaching needs to prioritize technique over aggression.",analysis,
"Their pick-and-roll defense ranks in the bottom quartile — opponent effective field goal percentage on PnR is telling.",analysis,
"Player B's shot profile shifted to more contested jumpers; his usage didn't justify the drop in efficiency.",analysis,
"Historical playoff trends show teams with this defensive rating rarely advance past the second round — it's a structural issue.",analysis,
"Despite high usage, his true shooting remains above 60% because of a strong free-throw rate and finishing at the rim.",analysis,
"Cross-season lineup comparisons show the bench unit concedes 12 more points per 100 possessions than the starters.",analysis,
"Their rotational substitution pattern creates matchup problems by leaving them small against bigger lineups in crunch time.",analysis,
"The data indicates their tempo has slowed; possessions per 48 dropped, and their offensive rating followed.",analysis,
"Against top-10 defenses their offensive efficiency drops by 9 points — they're not adjusting to elite schemes.",analysis,
"His defensive win shares over the last 30 games are the best on the roster; veteran presence matters more than box score shows.",analysis,
"When you control for opponent pace, his steal rate is still above league average — not just a garbage-time stat.",analysis,
"The team's turnover-to-assist ratio worsened after the trade deadline, coinciding with lineup instability.",analysis,
"Depth charts show player C's minutes increased but his PER fell, indicating regression rather than opportunity capitalized.",analysis,
"They win when their 3PT% is above 38% which correlates strongly with spacing from their starting guards.",analysis,
"Their opponent field-goal percentage at the rim increased after the defensive scheme change, exposing transition weaknesses.",analysis,
"The coach's zone experiment reduced opponent 3PA but increased paint access — a tradeoff that hurt them overall.",analysis,
"His clutch usage skyrockets but efficiency drops; he's a volume option in close games without reliable outcomes.",analysis,
"The sample size is small, but his PER improved across back-to-back games after increased recovery routines.",analysis,
"Shot charts show a pattern: he shoots better from the left corner due to release mechanics that favor that angle.",analysis,
"Their three-point rate is high but corner attempts are low; that's a spacing inefficiency we can quantify.",analysis,
"Comparing seasons, their defense improved after the schematic switch; opponents' PPP decreased by 0.12.",analysis,
"Free-throw rate differential tells us who's getting to the line; the refs trend doesn't seem responsible for the loss.",analysis,
"He defers to teammates in early quarters, which shows his assist numbers are a product of system fit rather than dominance.",analysis,
"The lineup with small-ball plus two shooters yields better net rating in the second half — spacing matters.",analysis,
"Their opponent shooting percentage in pick-and-roll is higher against their backup guard, showing a mismatch issue.",analysis,
"Advanced tracking data shows his contested rebound rate is exceptional; hustle plays contribute beyond box score.",analysis,
"Their schedule strength skewed the opening win streak; per-opponent adjusted metrics correct that illusion.",analysis,
"In the sample of last 20 games, his defensive rating decreased when paired with slower wings.",analysis,
"The player efficiency gap between home and away suggests travel routines materially affected performance.",analysis,
"Shift to more drive-and-kick plays increased wide-open 3s but decreased midrange efficiency — a net positive overall.",analysis,
"He thrives in catch-and-shoot spots, and his shot distribution supports a role change to bench sniper.",analysis,
"Their shot clock usage analysis shows a clustering of low-value possessions between 10-6 seconds remaining.",analysis,
"Net rating versus playoff teams is the best single predictor of postseason success; they fall short there.",analysis,
"His isolation frequency is high and results in lower efficiency; coach should re-balance play calls.",analysis,
"Box score plus minus hides lineup-level interactions; on-off plus lineup regression gives a clearer view.",analysis,
"The simplest explanation is injuries to perimeter defenders; opponent 3PA jumped when those defenders sat.",analysis,
"Lineup data reveals an effective small unit when their backup stretches the floor — personnel fit is crucial.",analysis,
"They underperform in second halves by shot quality metrics, indicating conditioning or in-game adjustments failing.",analysis,
"His usage rate increases in garbage time but real-game usage is moderate; disregard raw season averages.",analysis,
"Regression analysis shows player's age correlates with decline in verticality metrics, explaining finishing drop.",analysis,
"Coach deployed zone to hide weak individual defenders, which lowered opponent 2PT attempts but increased 3PT makes.",analysis,
"Bench scoring is concentrated in a single player; opponent scouting can shut them down easily.",analysis,
"Two-man game efficiency is highest with those specific guard-forward combinations — synergy matters.",analysis,
"Early-season shooting variance explains streaky results rather than systemic problems.",analysis,
"Their offensive rating on catch-and-shoot possessions increased after the lineup shuffle, a quick win.",analysis,
"Focusing on shooting efficiency over raw attempts will improve true-shooting due to fewer midrange shots.",analysis,
"They concede points in transition because rebounders don't secure the ball; improved boxing out reduces fast breaks.",analysis,
"Player D's late-game decision-making reduces turnovers; his calm ball-handling is undervalued in analytics.",analysis,
"Advanced box score shows he draws more boxing fouls than reported, inflating his defensive contribution.",analysis,
"The team's assist-to-turnover improved with the new playbook emphasizing early movement and screening.",analysis,
"Their opponent points in the paint decreased after adjusting help defense rotations — clear tactical improvement.",analysis,
"Using lineup clustering, we can see which rotations produce positive net rating and prioritize those minutes.",analysis,
"Their shot difficulty metric is rising; contested attempts are becoming the norm and efficiency declines.",analysis,
"After the trade, their defensive communication regressed causing more open 3s — chemistry matters.",analysis,
"He regresses less against zone defenses, suggesting matchup-specific strengths for scouting reports.",analysis,
"The small-sample caveat applies, but trendline changes suggest a sustainable skill improvement.",analysis,
"Their late-clock play design targets quick pick-and-rolls which succeed when the defense overcommits.",analysis,
"Staggered minutes keep two stars apart, but the aggregate minutes together show net rating drop — reconsider.",analysis,
"His shot release sped up two weeks into the season; release timing data aligns with increased clutch makes.",analysis,
"The team’s opponent free-throw attempts per game indicate a more physical schedule is impacting foul trouble.",analysis,
"He shows improved screening results in second unit sets; the film confirms the analytics finding.",analysis,
"Opponents' assist rates fall against this team, indicating strong denial and ball pressure.",analysis,
"The trade improved spacing which directly increased open corner 3 attempts by 22%.",analysis,
"Their defensive rebound rate is misleading due to contested rebounds that produce second-chance points.",analysis,
"Player conditioning correlates with late-game defensive lapses; minutes management can mitigate this.",analysis,
"Quantifying clutch shot difficulty shows he gets only midrange attempts in crunch time; role adjustment needed.",analysis,
"His free-throw attempt increase reflects changed early offense designed to initiate drives.",analysis,
"In-season improvement in assist ratio corresponds with the arrival of a shot-creating guard.",analysis,
"Lineup defensive synergy dropped after bench promotions; the numbers align with film review.",analysis,
"Their effective field goal percentage on catch-and-shoot decreased despite increased attempts — quality fell.",analysis,
"We control for opponent pace and still see a gap in transition defense, confirming scheme issues.",analysis,
"Home-court advantage appears amplified by travel density differences this season — schedule matters.",analysis,
"Coach's substitution timing correlates with opponent scoring spurts; timing adjustments could blunt runs.",analysis,
"Player usage clipped to role minutes increases efficiency and stabilizes nightly production.",analysis,
"The opponent assist-to-turnover ratio falls when defensive pressure is applied early in the shot clock.",analysis,
"Their last-shot play efficiency is poor; end-of-game tactics need redesign based on set success rate.",analysis,
"Shot quality metrics reveal their late-game looks are lower expected points than opponents' closing possessions.",analysis,
"Players returning from injury show gradual improvement in defensive RPM; patience is warranted.",analysis,
"His three-point percentage on catch-and-shoot rises with more off-ball screens; scheme matters.",analysis,
"The team succeeds when their pace is higher — forcing turnovers and pushing transition leads to wins.",analysis,
"Adjusted plus-minus shows one player's impact hidden by usage metrics; lineup fits mask value.",analysis,
"The film shows contested layups due to poor rotation, aligning with the opponent's high finishing rate.",analysis,
"Shot location clustering indicates opponents funnel drives to the baseline, suggesting help-rotation gaps.",analysis,
"The coach's decision to stagger minutes helps balance defensive matchups and preserve energy.",analysis,
"His STEAL rate increases when playing more minutes with ball pressure-oriented wings.",analysis,
"They should prioritize corner threes in the playbook since corner attempts yield highest expected value.",analysis,
"The lineup with two shot creators suffers spacing issues; opt for a stretch forward to balance the floor.",analysis,
"Early-game defensive strategy to bait isolations reduces opponent 3PA but increases iso possessions; mixed results.",analysis,
"Monitoring fatigue metrics explains the late-game shooting slump and suggests rest days could help.",analysis,
"Their opponent second-chance points dropped after emphasizing boxout drills in practice.",analysis,
"Player substitution graph shows optimal rest windows to maximize win probability across season.",analysis,
"The advanced metric indicates his offensive contributions outweigh defensive lapses in net impact.",analysis,
"Opponents shoot worse from contested catch-and-shoot situations against this team's closeouts — defensive effort helps.",analysis,
"In-game adjustments to switch schemes reduced mismatches and improved defensive rating slightly.",analysis,
"The trade's net effect is positive when isolating shooting efficiency gains and turnover reductions.",analysis,
"His shot creation per 100 possessions is above league average and explains his usage increase.",analysis,
"The team-level analytics suggest focusing player development on defensive fundamentals will yield gains.",analysis,
"Opponents' effective field goal percentage rises late in the shot clock, exposing end-of-clock scheme holes.",analysis,
"The team's shot selection improved after midseason coaching swap, backed by higher expected points per shot.",analysis,
"Adjusting for opponent strength, their offense remains middle-of-the-pack which is consistent across seasons.",analysis,
"Player three-point attempts concentrated in corner shots increase expected points because of higher value.",analysis,
"Their turnover hotspots are passes into the paint under pressure; work on pocket passing reduces these errors.",analysis,
"He benefits from pick-and-roll actions when the screener is a floor-spacer; spacing is key to success.",analysis,
"On-off numbers exaggerate impact; regressions with opponent control yield more realistic estimates.",analysis,
"Analytics and film align: this team struggles to defend kick-out threes after closeouts.",analysis,
"The percentage of wide-open threes allowed increased when the defensive wing minutes rose, a substitution error.",analysis,
"Their offensive sets create more open lanes when the weak-side screener executes the dive consistently.",analysis,
"The team's late-season push correlates with defensive improvement and bench scoring increases.",analysis,
"He shows shooting splits that favor catch-and-shoot over creation, suggesting a role as a spot-up shooter.",analysis,
"Opponent field goal attempts in the paint dropped after defensive rotations improved — direct causal link.",analysis,
"Player spacing metrics show improvement after the trade; expected points rise accordingly.",analysis,
"The coach's zones selectively force opponents to take lower-value shots, which reduces opponent PPP.",analysis,
"Their defensive rebound percentage improves with taller lineups despite slower offensive pace.",analysis,
"We will use this dataset to quantify how often posts in the community match these label definitions.",analysis,
"This final analysis example is the 70th `analysis` item in the dataset, demonstrating consistency.",analysis,
"Curry is cooked, not the same anymore — Warriors should trade him.,hot_take,
"He peaked in college; there's no way he's NBA starter material.,hot_take,
"Player X will never be an All-Star, peak is overrated.,hot_take,
"This rookie is overrated because he plays in garbage time.,hot_take,
"Coach Y is clueless and will get fired before the season ends.,hot_take,
"That ref made the worst call I've ever seen — league is broken.,hot_take,
"Townsend is a bust, guaranteed — no upside.,hot_take,
"The tanking teams are all losers and should be ashamed.,hot_take,
"Trading for him is the biggest mistake in franchise history.,hot_take,
"He flops every game; NBA should give him fines more often.,hot_take,
"I don't care about analytics, stats don't matter — watch the game.,hot_take,
"This draft class is weak, top prospects are all busts.,hot_take,
"He's the worst defender in the league, easily.,hot_take,
"Anyone who defends that play is blind — it's a crime.,hot_take,
"This team will never win a championship with that owner.,hot_take,
"They're the most overrated squad — hype train is real.,hot_take,
"That was the laziest defense I've seen; players don't try.,hot_take,
"He's a choker in playoffs, always has been.,hot_take,
"Stop trading draft picks, it's stupid and shortsighted.,hot_take,
"The coach lost the locker room, it's obvious to anyone.,hot_take,
"All these advanced stats are dumb, people overthink basketball.,hot_take,
"He only scores because of garbage time, not talent.,hot_take,
"The team is cursed — bad luck follows them every season.,hot_take,
"This referee is biased against my team, conspiracy.,hot_take,
"They should bench the veteran for good, he's done.,hot_take,
"Trading the pick? They should tank harder.,hot_take,
"This is the worst offseason move in recent memory.,hot_take,
"He's a franchise player? Please, give me a break.,hot_take,
"That was the worst trade deadline performance ever.,hot_take,
"Anyone who thinks otherwise is just a bandwagon fan.,hot_take,
"He'll never recover from this injury, career over.,hot_take,
"Their front office is incompetent and should be fired.,hot_take,
"The analytics people are ruining the sport, bring back instincts.,hot_take,
"He only gets awards because of reputation, not play.,hot_take,
"This signing is a disaster waiting to happen.,hot_take,
"They sucked in the clutch because they don't have heart.,hot_take,
"Don't believe the hype — this team collapses every year.,hot_take,
"That referee call decided the whole season, unbelievable.,hot_take,
"The coach is playing favorites and it's killing chemistry.,hot_take,
"He's overpaid and underdelivers, trade him now.,hot_take,
"This franchise will never attract free agents, it's doomed.,hot_take,
"The league is soft now, not like the old days.,hot_take,
"Everyone is sleeping on this team but they're overrated.,hot_take,
"He's a system player only, take away the system and he's nothing.,hot_take,
"Sell the assets now, rebuild properly — fan take.,hot_take,
"They can't defend anyone, defense is dead on this roster.,hot_take,
"That buzzer beater was garbage, lucky shot, not skill.,hot_take,
"League favoritism is real, calls go the same way every year.,hot_take,
"They're the most entitled fanbase, stop whining.,hot_take,
"He choked on national TV again, can't be trusted.,hot_take,
"This is the worst coaching hire — zero vision.,hot_take,
"I can't watch this team anymore, it's unbearable.,hot_take,
"Fans are overreacting, but they're all clueless.,hot_take,
"This player is clearly soft, doesn't deserve minutes.,hot_take,
"The owner is the problem, sells the franchise short.,hot_take,
"That celebration was embarrassing, classless.,hot_take,
"We should bench the rookie immediately — not ready.,hot_take,
"Why does the front office keep making these boneheaded moves?,hot_take,
"Wow! That dunk just made my night — insane!,reaction,
"Sigh. Not again…,reaction,
"I'm so hyped right now, what a win!,reaction,
"Absolute heartbreaker, cried a little after that call.,reaction,
"I can't believe he missed that free throw, devastated.,reaction,
"LOL that was hilarious, can't stop laughing.,reaction,
"My jaw dropped — unreal performance!,reaction,
"This crowd is insane tonight, energy's through the roof.,reaction,
"Ugh, refs robbed us, furious!,reaction,
"Bench ejected? That's wild, what a moment.,reaction,
"I was screaming at my TV, can't believe that play.,reaction,
"Instant replay saved them, so relieved!,reaction,
"That sequence gave me goosebumps, pure magic.,reaction,
"Happy for the kid, tears of joy.,reaction,
"No words, hands down best game of the season for me.,reaction,
"Welp, time to go cry in the corner after that call.,reaction,
"That three was filthy, replay on repeat!,reaction,
"I'm so annoyed, traffic to game was worth it but refs… ,reaction,note: short
"Heart racing after that final second shot — unbelievable!,reaction,
"Why does this always happen to my team, cursed!,reaction,
"Can't sleep after that loss, replaying every moment.,reaction,
"This is the best meme content all week, can't stop.,reaction,
"Hyped for the playoffs already, this team surprised me!,reaction,
"That celebration dance made my day, love the enthusiasm!,reaction,
"Screamed so loud neighbors knocked on my door, worth it!,reaction,
"I felt that in my bones, what a comeback!,reaction,
"My palms are sweaty from that dunk, heart pounding.,reaction,
"I want to throw my remote, unbelievable ending!,reaction,
"So proud of this team tonight, emotional win.,reaction,
"This call ruined my evening, can't get over it.,reaction,
"Can't believe they pulled that off, pure chaos!,reaction,
"I need to rewatch the highlights, shook me to the core.,reaction,
"Burst out crying in public, classless celebration but amazing.,reaction,
"Elation overload, best sports moment this season!,reaction,
"My friends won't let me live down that misread, embarassed!,reaction,
"That buzzer beater sent chills down my spine.,reaction,
"I yelled so loud my dog ran away, worth every second!,reaction,
"Truly a rollercoaster of emotions this game, insane.,reaction,
"I lost my voice cheering tonight, must've been the hype!,reaction,
"That missed layup hurt more than I expected, sad!,reaction,
"Can't stop smiling after that comeback, pure joy!,reaction,
"Absolute chaos, what a wild triple-overtime!,reaction,
"So angry right now, can't focus on work.,reaction,
"Instant regret for selling the ticket, should've stayed.,reaction,
"My whole timeline is memes now, can't breathe from laughter.,reaction,
"That commercial break felt eternal after such a close game.,reaction,
"This rivalry never disappoints, emotional rollercoaster.,reaction,
"I need therapy after that last possession, too much.,reaction,
"The crowd chanting gave me chills, goosebumps everywhere.,reaction,
"I lost my hat in the stands, priceless memory though!,reaction,
"I screamed at halftime and woke the whole neighborhood, sorry!,reaction,
"Can't believe how clutch that performance was, stunned!,reaction,
"That call left a sour taste in my mouth, bitter end.,reaction,
"Tears of joy watching the rookie make history tonight!,reaction,
"My heart hurts for the opposing fans, brutal end.,reaction,
"Jumped out of my seat and spilled my drink, worth it!,reaction
